{"version": "1", "message": "ERROR: Hidden Testcases server unreachable.", "problem_id": "m20_a1", "user_id": "samyumobiMSIT", "score": {"sample": {"0": {"execution_time": 0.2648484706878662, "passed": true}, "1": {"execution_time": 0.2748432159423828, "passed": true}, "2": {"execution_time": 0.2708449363708496, "passed": true}, "3": {"execution_time": 0.2868356704711914, "passed": true}, "4": {"execution_time": 0.30482983589172363, "passed": true}, "5": {"execution_time": 0.25785064697265625, "passed": true}, "6": {"execution_time": 0.2848358154296875, "passed": true}, "7": {"execution_time": 0.256852388381958, "passed": true}, "8": {"execution_time": 0.33980441093444824, "passed": true}, "9": {"execution_time": 0.326812744140625, "passed": true}, "10": {"execution_time": 0.3707888126373291, "passed": true}, "11": {"execution_time": 0.2988295555114746, "passed": true}, "12": {"execution_time": 0.2528538703918457, "passed": true}}}, "check_style_score": "0/1"}